movieID,Date of Review,User,Usefulness Vote,Total Votes,User's Rating out of 10,Review Title,Review
1,4-Bread-19,Paynebyname,1481,2771,4,"The writers got carried away, the directors over reached and the studio sacrificed the integrity of their product.","I've just come from watching Endgame and I must say that I am disappointed.I loved Civil War and I loved Infinity War. When I came out of those films, I knew immediately that they were great and that I wanted to see them again. With Endgame, I'm not sure.I respect how they were prepared to show the consequences of what Thanos had done but by killing him off so quickly and then them having to do their own stone quest (hadn't we already seen Thanos doing this in IW) it felt slow and lazy. Worse still was that it felt very self-indulgent and attempting to be clever for clever sake.Like how Back to the Future II considered itself clever for showing the events of the first film but with Marty flitting around behind the scenes to ensure that it all still happened. I know it's meant to be fan pleasing but it really felt like a gimmick and lacking in confidence. Almost like it was saying 'Hey guys, this will make you smile'. If you want to make me smile, concentrate on maintaining the quality of your product rather than directly trying to make me like you.But the trouble with messing around with timelines and bouncing around is that it makes the audience start asking questions during the film. The linearity that we'd seen in IW and the imminent fast approaching threat is replaced in Endgame with a lack of direction and characters that are earlier versions of who the audience have seen.In IW we were shown Thanos. He was written to be sympathetic or at least a character that we the audience could understand. He believed in what he was doing and this made him more rounded. But in Endgame, that version is dispatched quickly and we are supplied with a 2014 (?) Thanos who isn't the character we know but is just a token bad guy.This Thanos hasn't made the sacrifice at Vormire, he isn't the guy that would empathise with Scarlet Witch for what she did to Vision. He has suddenly become a token cut out evil bad guy that needs to be defeated. Hell, the writers even manage to forget their own time loop by saying that this Thanos has learnt that he doesn't want to wipe out 50% anymore because they are too ungrateful. How does he know this when the 2014 Thanos has only just literally arrived in the post wipeout Universe? How has he had time to form the opinion that his previous quest for a 50% cull isn't worthy?Is this a case of the writers being terrified that they had created a bad guy that people related to or was it a fear that they'd written themselves into a hole? Why go to the effort of creating that character in IW to suddenly kill him off at the beginning of Endgame just for a dramatic punch?For me, the time travelling and stone gathering wasted time to create unimportant scenes that fundamentally undermine the films that came before.
In my opinion it would have been better if they had shown the remaining Avengers preparing to do some Avenging and maintained the single minded linearity of IW of battling towards and reaching a post click Thanos and somehow reversing his work.The more I think of the film, the more plot holes and frustrations manifest themselves. Thor's drinking and man child antics might have been initially funny but one begins to realise that they are deliberately doing this to clip his wings. Likewise with Hulk, his primordial desire to smash and destroy has been removed to think it out and he has become an embarrassing shadow of his former self.The thing that is meant to be amazing about the MCU is the world building but inconsistencies have been appearing and there are so many in Endgame that it makes you question whether these two films are written by the same people.In IW, Thanos is a dangerous and credible threat because he has the infinity stones. He takes on half of the Avengers, Strange and some of the Guardians on Titan and smashes them and then takes on the other half on Wakanda and smashes them. Yet it is Stormbreaker (whose creation we have seen been hard earned by a motivated Thor) that has the power to take down Thanos even when he has a full complement of Infinity Stones.Yet we roll forward to Endgame and we have literally all the good guys together in one place, Cap with his shield, Tony fully powered up, Scarlet Witch p*ssed and vengeful, Capt Marvel who can seemingly do anything and Thor wielding both Mjolnir AND Stormbreaker and Thanos NOT in possession of the gauntlet, yet they can't defeat him.It's like the fights in IW were so amazing because the good guys were taking on an unbeatable foe yet here he is now seemingly defeatable by the 'rules' that the writers established . A good example of this would be in IW when Cap is the last man standing before Scarlet Witch and he grabs the gauntlet. You see the look of admiration/respect on Thanos' face that Cap is holding open the gauntlet before he punches him to the ground yet now that scene seems pointless.The writers for Endgame seem to have been driven to undo everything they did in IW. All the tension, all the sacrifice, all the development of Thanos discarded for well, I don't know what. It makes no sense.IW had two incredible scenes that used to choke me up. When Cap appears in the train station, the Avengers theme kicks in and Falcon and Widow take down the henchman in a wonderfully choreographed scene. In just that one scene it shows them coming to the rescue, it shows how intuitively they work together and it showcases their heroism.Likewise when Thor creates Stormbreaker and makes his entrance on Wakanda, I felt it for the journey that Thor has been on. He's had to contend with loss and defeat and humiliation and this is his redemption. Here is a character that has earned his game changing weapon and when he arrives and demands to face a character that everyone else is running away from, I want to punch the air.But in Endgame, that feels like it has to be corrupted. We can't have Thor being dominant, let's break him and make him a fool. We can't have Thanos being complicated and relatable, let's make him a cut out bad guy. We can't have Hulk being rage fuelled and smashing stuff up, let's make him more sensitive and talking stuff out. We can't have Cap being stoic and heroic, let's have him ridiculing one of his own iconic lines in a silly gimmicky fight with himself and commenting on his butt. We can't have a powerful female character that we're invested in look sexy AND be able to take down Thanos, let's give Scarlet Witch a small part but focus our attention on a female character that hasn't earnt our admiration or desire for revenge.To be honest, the 'rules of engagement' had been set so well in IW that when in Endgame Thanos massed his ranks against the Avengers and then ALL of the good guys showed up, I was almost expecting the camera to pull away and not show the fight given that it was so obviously going to be an easy win for the good guys.And as for the big fight scene, it did reek of what DC always manage to do which is just throw everything into an end battle and bludgeon you with CGI and pyrotechnics so that you aren't really sure what is going on.In the many fights in IW, you knew what was going on, you recognised the combatants, you understood the stakes and you identified the geography of the scene. In Endgame we got one big massive fight where everything was thrown in the pot and it was just assumed by the directors that we would be happy with all the flashing lights.
And I have to say that considering that Steve and Tony fell out so hard, and that Tony's criticism of Steve was so unfair, that I really had hoped for more than just a handshake, a muttering of 'no worries' and 'here's your shield'. These guys wrote and directed Civil War, they created the line 'we fell out hard' and hence I had hoped for something deeper and more touching than a handshake.Steve wrote Tony a letter telling him that when he needed him he'd be there but once again the Iron Man bias had to creep in and once again Tony was the victim and the ultimate hero.But I think my biggest problem is how the convenient time travelling undermines everything. When a franchise starts retrofitting stuff (like Fury's eye being from a space cat), it's then hard to consider the previous stories.Having 2014 Gamorra means that all the evolution that we saw her go through in GOTG 1 and 2 is wasted. Having Cap marry Peggy means the pain of his sacrifice, him seeing her in Winter Soldier when she is suffering from Alzheimer's, hell even his blossoming relationship with Sharon Carter is kinda irrelevant. Having seen Thor at last step away from his two weaker origin films into the entertainment of Ragnarok and the redemption in IW leaves us now with a bumbling buffoon.We know that what makes Captain America what he is, is the serum that makes him a super soldier. That he was transformed from a weakling to a superhuman. Sam Wilson is not a super soldier and he didn't take the serum. He is Falcon. Now maybe in the comics he becomes Cap but Bucky is a super soldier. Is the new Cap going to foil an evil plot and be defeated with a tazer or a knife to the chest? Consider the beatings that Steve has taken and the physical strength that he has shown we can recognise that Sam Wilson does not have that.I'm sorry to say but the Russo's have dropped the ball. Themselves and their writers have succumbed to their success and their desire to be engineers of political correctness and social change. I thought Endgame would be the high soaring end to this 10 year run of impressive movie entertainment but in the end the writers got carried away, the directors over reached and the studio sacrificed the integrity of their product for a chance to 'educate' us all. A real shame and a wasted opportunity.Infinity War is clearly the highlight of the last 10 years but even now I fear that repeated viewings will render it pointless considering how the makers decided to fundamentally damage it."
1,6-May-19,jtindahouse,75,127,4,Time travel is such a lazy way to write stories,"Only a month or so back I was talking to a friend about how much I hate it when serious movies use time travel to get their characters out of problems. I have no problem with movies like 'Back to the Future' or 'Hot Tub Time Machine' that are both comedy based and use the time machine as a plot for the movie as opposed to a solution for characters problems. When a serious movie uses it though it as lazy as writing as dream sequence in my opinion.At the end of the day though that just underlines the problem with these movies. The heroes are far too powerful. Whatever power they need they simply possess conveniently. Heck, 'Dr Strange' can even see into the future to know exactly what to do to make sure everything turns out alright. If that isn't the stupidest thing I've ever seen in a movie I don't know what is.I felt like the movie went very much as expected as well. Sure some characters die, however they were pretty much telegraphed to do so long before the movie came out. There also seemed to be a lack of conflict as key moments. A lot of things went far too smoothly for my liking in terms of the plan. Finally, the ending with 'Iron Man' simply pulling the glove off 'Thanos' - what the hell was that? Was that supposed to be clever writing? 'Thanos' just standing there for an eternity doing nothing waiting for someone to stop him?A lot of the jokes failed to land too. This was a surprisingly unfunny movie. In a 3 hour movie I got maybe 3 light chuckles out of the film. Every joke just felt so forced and some of the characters who don't have a comedy background delivered them very poorly. 'Avengers: Endgame' is three hours of my life I would like back."
2,13-May-19,arclinecreative,100,170,3,Overrated and full of filler,"Continuity? 350M budget and no one looking over the continuity? Hair styles, braided beard..unbraided...braided again? You need special equipment and suits to time travel, but not the bad guys who follow? No one traveling through time ages except Captain America??? SO many dragged out scenes with 'on the nose' dialog. They only made it 3 hours long to give the impression it was 'epic' when it wasn't and isn't. Making Thor a laughing bafoon who gives up being king so he can continue being fat and lazy? If you can't kill your superheroes, turn them into rejects. They'll probably reboot all the characters like they did with Spiderman... again...and again...and again."
2,3-Aug-19,RetroRick,99,169,3,"downbeat, overblown & so so long. Cuts all your favourite characters down to size","Maybe I would have enjoyed this more if I were a real Marvel fanboy, although from reading the other reviews I might well have cause to doub that, but as someone coming to this film through all the hype, and the knowledge that this has just outgrossed Avatar in terms of the box office I am simply astonished how lacklustre this film is.Sometimes I dislike a film, and rail against it while secretly having quite enjoyed it, the objection being to some aspect of the film which annoyed me, maybe something ideological or political. But despite Marvel increasingly taking a political line on many things there is really very little in this film - at least on the surface - that one could find objectionable about it. In many ways in fact it is very routine and unobjectionable. But problem mainly relates to the film's obesity & overblown nature combined with a manufactured self-indulgence that was just annoying to watch.With respect to the latter this is mainly with reference to the final battle (where everyone who's anyone in the Marvel Universe makes an appearance) and the tying up of things in the post-coital glow: I get that this has been a long, epic and much loved journey for many film-goers, and also that fans will want a proper send-off etc for their favourites, but unfortunately this is done really badly, & inconceivably in an abrupt & unsatisfactory way, something that is hard to account for given the massive length of a movie that unfortunately in every other respect never ceased to feel slow and lumbering.In this regard we get some major goodbyes at the end with respect to characters who in this film at least we have seen for a matter of seconds. Essentially making any sense of this requires us to reference the history of these films, something which is simply bad & indulgent writing.The massive assembly of characters, particularly at the end, is supposed to be one of the pulls of the film, but instead it serves to make their appearance superficial and works to diminish them as individuals. Just imagine meeting your favourite Marvel comic book hero in real life: well, by the end of this film that actually sounds like a rather dull prospect: the overblown nature of the wrap-up diminishes everyone. Bringing them all together simply works to cancel out teir uniqueness & makes their fantastic and in their own right typically overblown powers (Captain Marvel especially) seem prosaic in juxtaposition with each other.But a bit of indulgence could be forgiven if the story was worth anything much. Unfortunately compared to Infinity, there's really very little to it. The time travel aspect to it was too referential with respect to other movies (self-referentiality hasn't really worked well since the Scream movies). Sometimes with these types of movies you get fans duking it out on account of whether an idea is plausible or not. Maybe that has been happening but if so I'd be surprised; the narrative device never seems to be taken particularly seriously & for that reason it's difficult for the audience to take it very seriously: the time travel aspect is simply what needs to happen in order to sort the situation out & the writers simply come up with necessary justificiation & a few quips to let us know that they know we've seen it all before a hundred times.A part of the problem here is that the character motivations while there on paper never really felt that real. Renner's character was perhaps the most convincing in describing the bleakness of the post-Infinity world, but it never really seemed quite enough. Half the universe wiped out - something worse than the Black Death or Mongol destruction at its worth - but it never seems like that big a deal. A tighter script, maybe focussed more on an aggrieved Renner or equivalent might have made it seem real & genuinely high stakes.Beyond that there was very little in the movie that was simply enjoyable, in the switch off your mind & enjoy the ride variety. Thor has already been emasculated - he is simply a fat slob, & for reasons presumably relating to the next Thor film - he never recovers except to discover some meaningless cliche about being himself instead of who he should be. Nebula although good, has too much screen time. Downey's Iron Man is never his old self at any time. Peter Parker's ok but not present for much of the movie & superfluous to the plot. Captain Marvel is basically Superman but with unpleasant attitude instead of character & functions entirely as a deus ex machine - a narrative device pretty much synonymous with copping out & failing as a writer.The only two characters who have a likeable part in the film pretty much are Antman, who gets a surprisingly large part in this movie, & the Hulk, whose initial appearance as a composite of Bruce Banner & the Hulk himself is actually genuinly intriguing for a short time. Unfortunately even this latter innovation works to diminish the character in the final battle where we don't even have the pleasure of seeing the Hulk properly smash everything up. Ultimately what is the point of a Hulk who is fully in control of himself?This is just a bad overblown movie that seems to take pleasure in down-sizing it's heroes in anticipation of a new greatly diminished future"
3,13-Dec-21,ACollegeStudent,27,41,80,Not as good as infinity war but a great movie,"Rating: 8.6Not as good as Infinity war pacing-wise, but is a satisfying ending to the saga. High production quality, and a great soundtrack like its predecessor. The final fight did feel a little clichÃ© (two armies brainlessly charging at each other for a typical smackdown). Not much to write about, it made every marvel movie before it worth the ticket."
3,30-Apr-19,majoreasy,-2,1259,4,Good but a mess in the story department...,"A nice production for those only interested in action sequences but not so great for those wanting closure of the Marvel story line...The best part of the film is that it brings together all previous Marvel movies to drive the plot... And the worst part of the film is it brings together all previous marvel movies to drive the plot... because it seems the production team don't really know the stories that ran before...
Anyone who follows the stories (from the movies, not the comic) will know there are much easier time points to collect each of the stones... The drama created by making this 'collection plan' much more difficult than it needed to be, added at least an unnecessary hour to the movie...Other plot points that didn't sit well with me and reduced the enjoyment of the movie, are...1) Thanos 'killed' 50% of the ""good guys"" and he's hailed as a super villain... Tony 'killed' 100% of the bad guys and he's a hero? Don't heroes learn from their own pain and sufferings and on principal refuse to inflict the same misery on others?Surely, other than Thanos and a few of his more loyal subjects, the rest are simply following orders...
(On another tangent, Thanos seems to really believe in his cause because after he killed off half the universe, including his people I believe, he lived alone and not with an army of servants and subjects for him to rule as a king... That's honourable...)2) they didn't reverse time... Just brought everyone back with a 5 year time gap... People should not behave normally when loved ones they haven't been with for 5 years suddenly reappear... Those who have survived those 5 years didn't get their memories and aging removed, right?3) how did Thanos and his gang all time travel while the avengers are so calculative about one person 2 trips?A 30 second segment showing Thanos instructing his people to mass produce the Pym solution for time travel would have closed this plot hole.4) always disliked Captain Marvel because she is so powerful that no other super heros need to exist...
And still... She is so concerned about other worlds that she couldn't be bothered to be present for the start of the biggest battle her home planet is about to face... when every known superhero showed up at the right time and right place...And later, the battle actually showed she's not all that great... So her weakness is she sweats the small stuff, can't see the big picture and not available/functional when needed?4) If they can bring back Gamora, why can't they find a timeline to bring back Natasha and even Tony? Superheros really don't like to plan and think things through... (Same as when they don't seek the easiest points to retrieve the stones... With zero time pressure for planning...)5) speaking of Gamora, the Gamora who came with Thanos don't know the guardian crew at all... so even though she's not 'evil' like the old Nabula, she wouldn't be friendly like she knows they are the 'good guys'...
Based on the time line, she doesn't even know Quill yet... So she should view him and them as the enemy in the battle...6) Nabula... If she killed her historic self, shouldn't she just drop dead in the new timeline?
Grandfather paradox anyone?7) what's with that special scene where all the women heroes joined together to show their power?
To me, that's totally sexist...Speaking for myself, I enjoy male and female superheros for their individual powers and weaknesses... Once a person reaches superhero status, in my mind, they crease to represent a gender (other than those gender/age stereotypes to generate laughs and endearment...)Having al female scene shows me that the production team are so hung up on being politically correct that they generate a reverse sexist scene to feel they are all inclusive... Sigh...
These same people want a female James Bond / Indiana Jones but not a male Mary Poppins / Eliza Doolittle... And they think the rest of the world is sexist...
The self proclaimed tolerant and inclusive are starting to paint themselves into a corner...8) while it's nice to see Bruce and the Hulk getting along...an unangry Hulk takes away what makes the Hulk a character...Remember these famous words? ""You wouldn't like me when I'm angry""... that's gone now... Sigh...9) speaking of which... Why on earth would the Hulk go into battle in an amour suit? Surely that was made for Bruce when the Hulk refused to come out to play?How would the Hulk fit inside and why would he need it? That's taking power away from the Hulk and it pissed me off...10) if the Ancient One knows and sees all possibilities... Even knowing when Dr Strange will show up... How did she not see the Hulk coming to ask for the stone?11) Loki's escape with the tesseract surely would have spun an alternate time line... Since there is only ONE tesseract... Then much of the previous stories wouldn't really make sense if Loki had it almost immediately after he lost it ...12) Captain America basically anointed the Falcon to be the next Capt? *Roll eyes*...I think the Falcon already has a lot going and Bucky should be a better successor...
In any case, we won't see Thor succeed the iron Man suit because he doesn't really need the extra edge...
Bucky is a super soldier in the same vein as the Capt. And should have been his first choice for a successor...13) did Captain America just ignore world events for the last century while he hid with Peggy? (& what did he do after she died... Surely she can't live as long as he... Wouldn't he simply come back to the 'present' having enjoyed a full and loving life, and not yet as old as he became?) ... The Production team might wish to rewatch Highlander...ðŸ˜‹He never got the itch to help the 'current' Captain America fight injustice? He resisted the urge to pass on information that might help the avengers as he had lived through all the events before? (I know, I know... Can't/shouldn't change history... But how could he resist, for someone like him who loves to lecture and lead?)14) the biggest plot hole of all and the one that buried the movie for me... is...The Thanos that was in the battle came from before the previous movie right? (Infinity war)...If Tony Stark kills Thanos in this movie... That means none of the previous movie plot could have happened... Nobody was ""killed off"" (not even Loki...)... Nobody lost/gained 5 years of their lives... Thor didn't need to get fat, none of this movie should even get started...That's the devil when idiot film makers dabble with time travel in a non-time-travel movie... Adding this means they can't take care of the details properly...The above are just the main plot annoyances... And there and many other smaller ones which prevented a truly epic movie experience...3 hours is a long movie and much of it unnecessary if they tightened the plot to make more sense...So, while the movie is good...I wouldn't selectively watch it again... Which to me is the benchmark of a great movie.I'm torn in giving a rating... I want to give 7 based on the scale of the production and emotional ties it has on me from all the previous Marvel movies...But the constant I'm jolted with throughout the film killed much of my buzz and for that I want to give it a 2... Sto be fair... it'll get a 4 overall to balance both sides..."
4,28-Apr-19,YourAverageReviewer,230,413,1,Way too many fanboys overlooking glaring issues,"I'd give this movie a 6/10 at best - it's a mindless action movie trying to be more and people seeing it as more.There's amazing CGI, and when you throw in countless superheros any cliche makes your ""hair stand up"". But for me, this entire film revolved around one-liner comedy in place of character development, and what it's known for best... mindless action.The action doesn't even have to make sense, like Thanos magically 1v5'ing with no infinity stones when in the previous film had issues 1v1'ing with stones. The entire movie is ""hype"" revolving around a ridiculous time ""heist"". They even made jokes about how stupid the idea is, and in 30 seconds Iron Man figures it out.This entire movies is cliches, re-used tropes, and one-liners used by familiar actors and amazing CGI. If that's all it takes to be great, good for you!"
4,1-Aug-19,phoenixinvictus,77,135,3,Was it just me or did Dr Strange give us the finger towards the end?,"Whaaaat? Time travel? Really? No way I saw 'this' coming... Except, I did. Oh no, Ironman and Black Widow are dead. Boohoo! Except nobody ever DIES in these movies (like the Red Skull-cough cough). They'll be brought back by some sort cloning technology or with some weird voodoo magic (...or time travel). It worked for Deadpool after all. The avengers literally couldn't go on any further. I mean the violence kind of escalated when they destroyed a city, then a small country, then a planet and finally the entire universe! You can't trump that! Although... Buffy the vampire slayer did save the multiverse. Was it just me or did Dr Strange gave the audience the literal finger towards the end? He did but this movie is PG13 so it wasn't that finger. Like everyone else who has a modicum of intelligence I too thought Thanos's motive was moronic as well as it was dumb. Try to follow my reasoning. He snaps his fingers and half the Universe's population is gone. What are the survivors going to do? Hmmm? The most logical thing is they will just breed again and then we're back to square one. We can't just assume that all species have the same gestation period as humans do. An elephant for instance has the gestation period of about 22 months, a whale about 16 months, a horse about 12 months, and cat and dogs about 58 DAYS... What about rabbits and rats? Oh about 22 days. My point is some species will repopulate their losses in a matter of days depending on how advanced their technology is or how fertile they are (we have no idea how aliens do their funny business and we don't want to know-just saying). So wiping out half the population isn't going to solve anything, quite the contrary. Humans would take about thirty to forty years to repopulate. In the meantime, you're going to have chaos and destruction following when people are suddenly disappearing when cars are suddenly crashing, planes are falling from the skies and nuclear reactors are going off or when nuclear silos are suddenly unguarded. All this would require more resources to be used to contain the chaos that would follow. Earth is tiny and we have limited resources, but the Universe has UNLIMITED resources! The Universe is very huge, LIKE HUMONGOUS HUGE! Any species that has mastered space technology can simply colonise an asteroid or planet and mine the heck out of it. Now, Thanos has a magic gauntlet which theoretically can give him whatever his giant heart desires. Even Thanos eventually acknowledges that his original plan is dumb and decides to recreate the Universe. Now THAT should have been his original plan. That I could understand. The Avengers used time travel to fix their problems... (Sigh-this is literally the laziest writing ever). The first time he snapped his fingers and kills half the Universe's population he becomes a gardener... A gardener! That is his endgame? Pointless genocide: check! Now I will go to my cucumber and tomato paradise: check! I wonder if Dr. Strange saw this in every one of his 14,000,605 outcomes and lost his mind. Did Dr Strange get so frustrated with all those versions ending up with Thanos gardening that he just gave up and gave him the stone? Why didn't Thanos dedicate himself to botany instead of being a warlord? I bet that by 14,000,606 it was the first time that it didn't end up with Thanos ending up in his cucumber and tomato paradise. So Ironman died because of some vegetables. That one version that Dr Strange wanted. Now let's talk about a geriatric Captain America (how did the writers come up this). Captain America goes back in time to be with the love of his life... How charming! Except that it isn't. He is a superhero with powers and knowledge of the future and the cold war and other really important stuff. Is he going to sit back while Hydra takes over SHIELD and destroys the very America he loves so much? What about Bucky who is being used as the Winter Soldier? I don't know about you but the Cap I know wouldn't just stand by and do nothing for 70 years. Hundreds of millions of dollars spent and twenty plus movies made just so Captain America could end up in a retirement home? No! Just no..."
5,22-Aug-19,dussaultjulien,144,266,-1,"The Russo brothers and Marvel outdid themselves with this one, if you thought Infinity Wars was the worst superhero movie, or that Captain Marvel was pretty bad this is much w","This is the worst superhero movie that I've ever seen since Avengers Infinity Wars, Captain Marvel and the reboot of Fantastic Four. All of those movies are masterpieces compared to this heaping pile of trash.The only good thing that has come out of this movie is the memes. The pacing is agonizingly slow, the story honestly doesn't make much sense at all. The fact that the Russo Brothers and Kevin Feige himself have to spoon feed you how brilliant and amazing this movie is goes to show how.bad it truly is.The characters that we all once knew and loved have now become boring, robotic sleeves to Disney. They are just there for a paycheck at this point, and boy did they get a huge one for some lackluster, boring and honestly some of the worst performances I've seen on screen in my 24 years.Get ready to see Robert Downey jr. Acts like he is in a high school play with his children, the only genuine father figure that actually seems real is Jeremy Renner in this film, otherwise it is ridiculously boring, full of potholes, and it's just a giant flashback and re-use of old footage that honestly gave them material that they should have used differently.I'd like to say that we as Marvel fan's have been strapped in a chair. We can't move, the room is dark, and then Kevin Feige and The Russo Brothers turn on the blinding lights and all walk in with spoons in their hands. They then proceed to, one by one, spoom feed us things like ""This movie is a masterpiece."" ""The reason why that didn't make sense is because we forgot to put it in."" "" We're so talented. Please waste your money on our talentless, bland films that we only make to make toys, merch and statues that people pay thousands of dollars for."" "" We haven't completely checked out and are desperate for new talent."" As you slowly lose conscience and black out.If you're looking to be in pain, by all means go and see this movie in the theater, but if you'd like to skip the boring Parts like I did, rent it on DVD. It's not worth buying nor is it worth watching more than once as some people have. To those people, I pray that your brain's get better >Â¤<"
5,30-Jul-19,dussaultjulien,115,210,1,Why?,"I hate how people are saying that this movie is epic, and that all the movies that preceded it were epic as well. There have only been a handful of Marvel movies that have actually been good, and this is not one of them.Marvel, like The Simpsons, has run out of ideas and is now running off of a therom. If it has the word marvel in it, then it will sell. The story does not matter only the name, and it's finally starting to show, as it has for The Simpsons for years now. And the announcement of new movies is now no longer exciting for me.Marvel honestly needs to take a step back and take their time in producing movies, as well as shows now too, like some of their most fantastic movies and shows, like the original Iron Man, Guardians of the Galaxy, Ant-Man, and even the Netflix Daredevil, which was surprisingly good and did a great job portraying the character. What the executives at Marvel don't seem to understand is that they in fact are not Epic, they're just putting trash out and unfortunately the masses are gobbling it up. Things become like goats, they'll eat anything that you put in front of them.End game is one of the most unimpressive movies I've seen in a very long time. I cannot believe that I wasted almost four hours of my life watching this horrible, sad excuse for a superhero movie, if you could even call it that. The only great thing about the past few Marvel movies is the memes that have come out of it. The Russo Brothers Legacy will be the memes that were made from their movies, not the story itself nor the movies. Just because you have the lucasfilm lighting, as well as the CGI company behind you does not make you amazing. What makes anything amazing, story-wise is a good story. End game doesn't even have that! They paid Robert Downey jr. 75 million dollars for the only good scene in the entire film, and it only lasts a couple of seconds. What a waste of money.For the love of God stop going to see Marvel movies and teach them a lesson to stop making horrible movies they aren't even superhero movies anymore. Stan Lee is gone, even when he was alive he didn't stop these terrible movies from being made, because he believed in Marvel and that it could change the world. In the beginning it did, with the Tobey Maguire Spider-Man's, Iron Man, and all of these amazing Marvel films that were actually well done and good. Stan Lee near the end, just produced these films because that's all that he knew to do. He inherently trusted these people to make great movies, and honestly they failed him and failed the original image of Marvel. Only the comics have stayed true, and even then they've come to PC for my liking, and it's so sad. Marvel won't be getting any more of my money. Hopefully you won't be giving any of yours to them anymore either. I am tired"
6,30-Apr-19,RIK-22,166,309,1,"Shallow, dull, boring, unemotional, rubbish","Warning spoilers a plenty.I thought it was utter rubbish, complete drivel. Nearly everything was off and wrong about this bore-fest.Almost nothing happened. It was so boring. Virtually the entire first 90 minutes could have been trimmed to about 15 mins.Pacing was terrible, it lost all momentum at times and was tedious.
The feel of the film, was all over the place, jumping from very dumb childish comedy to attempted serious drama and then to social commentary. It didn't natural have a core or flow to the film.So many stupid, misplaced scenes, such as the ""girl power"" nonsense, so contrived.Massive plot holes. I know Time Travel is a very difficult subject to tackle, but this made little sense. Either you cannot change the past or you can? This sometimes does and other times doesn't. If you steal the Stones then try to put them back. In theory they haven't been stolen, as you can't change the past, therefore, how can you put them back? How on earth did Captain America manage to put the Stones back and Thor's hammer and presumably the Green girl? They erased Thanos and the Robot girl in same timeline as well and that didn't effect anything?Apparently you can't kill a baby Thanos, but you can kill a slightly younger adult version of Thanos when he comes to the future that is okay.How did Capt A, put the Stones back at the exact time they left, without interfering with the original operation to retrieve them or changing the past anyway.The cringe worthy comedy was awful. There was a serious tone to Avengers, but this just turned into a cheap gag reel. Thors (a god) getting fat. Hulk getting fans.Corny cheap false scenes with Tony and his daughter, with the terrible music playing at the same time, like some cheap matinee from the 50's.Overall there was no feeling or emotion, the funeral scene was false and contrived.Pepper Potts is now Iron Woman?Spider-man goes back to school, after 5 years away? Really?I saw it with my teenage Daughter, she thought it was crap and we heard most people around us saying the same thing.A real stinker this one. 0/10."
6,4-May-19,kokorikos,169,292,2,time travel? ideal for plot holes!,"Time travel destroys any film...time travel doesnt exist in the physical world..its an invention of writers and authors to close plot holes and impress audiances...so, any film or book containing time travel, IS A MESS! so, i dont see any reason to grade this movie more than 2 stars...cgi, fights, ok , but a real good movie, must have a believable story! for me, sorry it didnt work...
question...why thor and hulk had to be humiliated so much in this movie ? why toni stark had to die? to offer the framatic essence to the story?is this the end of marvel heroes?"
7,30-Apr-19,vengeance20,80,145,2,"Too long, Overrated, Mediocre, Badly Paced, Etc","Couldn't believe how long this film was when I heard! 3 hours is just overwhelmingly bad if you ask me but still considering that I seen the previous 3 films I had to give this one a chance at least once.Went into this knowing the torture of watching a 3 hour film with an over stretched story line, plot holes galore, dragged scenes & political correctness shoved down your throat & that wasn't even the icing on the cake!But then after watching I found the film was below 3 hours. Actually, it was 2 hours & 49 minutes in total, but that's no far off the 3 hour mark. The film itself was ok & I mean below mediocre at best & at worst overrated!The story-line was easy enough to follow, but still had some confusing points which weren't well executed. Like the part where they traveled back in time & they were fighting their past selves. Other plot points too which didn't illustrate well what was happening or what was what.The run time which is obviously the biggest let down also contributed to the dragging nature which stretched out a story-line so simple it could've snapped! The ending especially was like watching paint dry in slow motion & my arse felt pretty numb when I left the cinema.There was some good action parts but there isn't much goes to say about this film or others like it which are clearly forgettable & loaded with confusing story-lines, details & sci-fi overkill.I also didn't appreciate the political correctness & female feminazi empowerment in this film which I seen twice at the finale part. A black woman at the end being ""king"" or ""leader"" of the land instead of Thor really? I don't know... I'd say that political correctness itself is just part of the issue I have with these films overall. It needs to stop!Overall not good & seriously over hyped for what it is! I can safely say these films have gone down hill since the beginning of the 2010's. They've delved into too much sci-fi, complicated story-lines with too much details, are too up in the air & not grounded enough & are riddled with political correctness! It's just sad as the classics before it were so much better & watchable, if not RE-watchable!The 10/10 reviews are clearly fake & once again proves just how biased the rating system has become with paid reviewers giving this junk anything over what I've rated it as. More honesty & less BS.2/10"
7,21-Feb-21,donnodcassandra-41099,51,86,2,Wanda could just end the war!!!,"OK I liked the movie , it was the first movie with someone die for no reason that I liked ( no reason meaning it could be an other way , much easier way) the past Avengers movies was like "" Nah! well ok"" Cause you know the whole ""EVERYONE WILL DIE "" was a little bit not so ok . Second thing if Wanda just did what she did in the mini series everyone would be fine! I am not gonna say what she did for the spoilers, but nooo they wanted someone to die and of course it wasn't Spiderman which I realy hate ( He is annoying) it was Iron man , my favourite heroe , thank you Marvel for destroying my childhood . Everyone is like "" He is a hero , he saved everyone "" Nooo its not like that , Wanda could be the hero without dying!!! Or Captain Marvel to absolve all the jem power out of the glove BUT NOO someone had to die right? But if we don't see that part the rest of the movie was AWSOME!!!!"
8,5-Nov-20,deeznutz-09839,78,138,1,I thought the mcu would change,"I thought the mcu was going to change after infinity war but this garbage proved me wrong. I thought they would stop doing the same generic garbage crap after infinity war but nope. Tbh it still hurts that's they reversed infinity war, infinity war would still be a 10/10 if they didn't reverse it and I'd be a marvel fan boy but nope, they just had to turn to this garbage again."
8,11-May-19,jochemunlimited,57,99,3,Maybe the worst Marvel movie?,"I am not a huge fan of the last Marvel movies. There are some very good movies, but the most is around average. Never so bad as most of the last DC movies. But Endgame is really game over for me.Please continue with X-men and guardians of the galaxy. It is enough for me. The rest I do not care anymore, it is ok like this. They professionally ruined it for me with Endgame.The story is very shallow, the solution is very shallow and also the action scenes are very shallow. Hours long they are busy with: yes we have something, but I have doubts, but it is great, but I don't know etc. And ofcourse all the heroes are very hurt and some are saying no at first, but already fast they overcome their hurt... And by the way: let's do some time traveling! Let's redo all the finding of the stones and snap the fingers a few times, it makes live so easy.So you have a 'big battle' where nothing happens and some action and after that it is saying goodbye to everybody. Oh wait! We forgot to think about a few death people, we just push commemorating them somewhere in the scenes. Iron man is the most important. Oh and captain Marvel is fixing everything ofcourse. I think she can save the whole universe on her own, who need the Avengers? And captain America has his ending: he is much older and guess what he did al that years? We do not need to guess because even that is explained, like we can not think for ourselves.Are there no good points? There was some humor and the graphics are looking good, but that is never the problem. And I see many people are happy with it, which I can not understand. But I do not need to. You can never make everybody happy, it is taste and interest. And for me this was a bad movie. Maybe the worst Marvel movie."
9,1-Aug-19,arshambehrouz,69,117,1,Do not waste your time or your attention on this,"Garbage.Only child and stupid people will like this movie.I wanted 3hours of action but instead I got 2 and a half hours of talking and 31 minutes of cool stuff.Moat boring movie of the 21st century,. The CGI characters look like they were animated with the gunk under people's toenails.I fell asleep halfway through and when I went home I just watched Howard the Duck on my phone,which is a much better movie you should watch instead.This film sucks and is an insult to ppl' intelligence.3/10"
9,21-Aug-19,danielaustin-735-484497,153,284,2,What a disappointment!! Really poor.,"After infinity war which IMO is the best of all the avenger movies, I was really looking forward to the conclusion.Well, what a disappointment. The story made no sense at all. There was no character progression with Thor almost non existence! How can this be with him being the almighty god of thunder commanding the bi-frost in infinity war?!That pace or the movie was slow and boring, the acting lethargic with a real lack of fun.I found myself forwarding large chunks of this movie just to get to something good!The ending was a total shambles and pathetic! Total Hollywood cheese which really didn't work.They will no doubt make another Captain America movie so why end it like that? Passing the title of CA to someone else when they don't even have superpowers?!!The more I think about it the worse it is.Just a money making ending with no thought or direction.Should have left it with infinity war."
10,29-Aug-19,davish_wulf-1,180,336,1,"This better be the ""Endgame"" of the ""Avengers"" joke.","Spoiler alert, so read at your own risk.
I though the latest title couldn't get much worse, until I watched Endgame.
Again, a movie that looks like a computer game, this time since the script failed to innovate, it goes back to the previous movies ""Back to the future"" style.
A fat Thor playing Fortnite, a Mjornir that any bloke can use, including the strange duck face Captain ""never gets his suit right"" Strangelip.
A captain that gets old and delivers his shield to the flying ""never had an impact role"" birdie. An intelligent nerdy Hulk who lost all his grace (a green Mark Ruffalo on steroids and that's it).
The list goes on and on, starting slooooow in the beginning to end in the yet again climax of the ""playmobil-bring the action man and all the transformers"" battle in the end, with depressing results and laughable deaths.
Bring the wife and put her on an iron man suit, hell bring the smurfs, the ""useless on this flick"" Black Panther and friends, Popeye and your dog if you want.
This is trash ""cinema"" in the making. let's skeese the money-cow with poor scripting, terrible CGI and ruin every child's fantasy regarding what is what and whom is whom on the ""Marvel"" universe.
Marvel, you were sold to Disney, get ready for your next princesses, easy jokes and death of your child heroes."